feature,count,mean,std,min,25%,50%,75%,max
age,920.0,53.51086956521739,9.424685209576857,28.0,47.0,54.0,60.0,77.0
trestbps_clean,860.0,132.28604651162792,18.53617526438666,80.0,120.0,130.0,140.0,200.0
chol_clean,718.0,246.83286908077994,58.52706158387357,85.0,210.0,239.5,276.75,603.0
thalach,865.0,137.5456647398844,25.926276492797594,60.0,120.0,140.0,157.0,202.0
oldpeak,858.0,0.8787878787878788,1.0912262483465298,-2.6,0.0,0.5,1.5,6.2
