class_value,count,percent,target
0,411,44.67391304347826,num
1,265,28.804347826086957,num
2,109,11.847826086956522,num
3,107,11.630434782608695,num
4,28,3.0434782608695654,num
0,411,44.67391304347826,disease_binary
1,509,55.326086956521735,disease_binary
