feature,age,trestbps_clean,chol_clean,thalach,oldpeak,disease_binary
age,1.0,0.25304162860222046,0.08332607280939049,-0.36577820960527435,0.2582429297187727,0.28269958016942315
trestbps_clean,0.25304162860222046,1.0,0.08876271837350362,-0.1024269137111332,0.1715622940832111,0.11695876323429288
chol_clean,0.08332607280939049,0.08876271837350362,1.0,-0.047185531310656774,0.046960372028563103,0.1183267445540214
thalach,-0.36577820960527435,-0.1024269137111332,-0.047185531310656774,1.0,-0.1511741542823955,-0.394502562633803
oldpeak,0.2582429297187727,0.1715622940832111,0.046960372028563103,-0.1511741542823955,1.0,0.3855276002656817
disease_binary,0.28269958016942315,0.11695876323429288,0.1183267445540214,-0.394502562633803,0.3855276002656817,1.0
