model,accuracy,precision,roc_auc,average_precision,cv_wall_seconds,inference_ms_per_200_rows
regularized_logistic_regression,0.8054347826086956,0.83,0.8833168418587087,0.8894791797352462,0.15862399999969057,5.716399999982968
random_forest,0.808695652173913,0.8183556405353728,0.8829583315407817,0.8801388934841181,5.5434853000006115,44.05940000015107
