feature,count,mean,std,min,1%,5%,25%,50%,75%,95%,99%,max
age,920.0,53.51086956521739,9.424685209576857,28.0,32.0,37.0,47.0,54.0,60.0,68.0,74.0,77.0
trestbps,861.0,132.13240418118468,19.066069518587476,0.0,95.0,105.0,120.0,130.0,140.0,160.0,180.0,200.0
chol,890.0,199.13033707865168,110.7808103532305,0.0,0.0,0.0,175.0,223.0,268.0,334.0999999999999,412.55000000000007,603.0
thalach,865.0,137.5456647398844,25.926276492797594,60.0,75.56,95.0,120.0,140.0,157.0,178.0,186.36,202.0
oldpeak,858.0,0.8787878787878788,1.0912262483465298,-2.6,-0.586,0.0,0.0,0.5,1.5,3.0,4.0,6.2
